src_url,english_names,japanese_names
https://en.wikipedia.org/wiki/Koji_Murofushi,Koji Alexander Murofushi,広治アレクサンダー室伏
https://en.wikipedia.org/wiki/Shoko_Asahara,Shoko Asahara,麻原 彰晃
https://en.wikipedia.org/wiki/Kazuhide_Uekusa,Kazuhide Uekusa,植草 一秀
https://en.wikipedia.org/wiki/Masayoshi_%22Mabo%22_Kabe,Masayoshi Kabe,加部 正義
https://en.wikipedia.org/wiki/Taigen_Sessai,Sessai Chōrō,雪斎長老
https://en.wikipedia.org/wiki/Gunpei_Yokoi,Gunpei Yokoi,横井 軍平
https://en.wikipedia.org/wiki/Emperor_Go-Toba,Emperor Go-Toba,後鳥羽天皇
https://en.wikipedia.org/wiki/Ryutaro_Hashimoto,Ryutaro Hashimoto,橋本 龍太郎
https://en.wikipedia.org/wiki/Hiroko_Shimabukuro,Hiroko Shimabukuro,島袋 寛子
https://en.wikipedia.org/wiki/Miyoshi_Yoshitsugu,Miyoshi Yoshitsugu,三好 義継
https://en.wikipedia.org/wiki/Tokugawa_Yoshimune,Tokugawa Yoshimune,徳川 吉宗
https://en.wikipedia.org/wiki/Sanj%C5%8D_Sanetomi,Prince Sanjō Sanetomi,三条 実美
https://en.wikipedia.org/wiki/Isoroku_Yamamoto,World War I,山本 五十六
https://en.wikipedia.org/wiki/Yui_Makino,Yui Makino,牧野 由依
https://en.wikipedia.org/wiki/Sugita_Kaoru,Kaoru Hashimoto,橋本 薫
https://en.wikipedia.org/wiki/Tatsuya_Ishii,Tatsuya Ishii,石井竜也
https://en.wikipedia.org/wiki/Shigeru_Yoshida,Shigeru Yoshida,吉田 茂
https://en.wikipedia.org/wiki/Matsudaira_Nobutsuna,Matsudaira Nobutsuna,松平 信綱
https://en.wikipedia.org/wiki/Tamio_Okuda,Tamio Okuda,奥田 民生
https://en.wikipedia.org/wiki/Miyuu_Sawai,Miyuu Sawai,沢井 美優
https://en.wikipedia.org/wiki/Hagiwara_Mai,Mai Hagiwara,萩原 舞
https://en.wikipedia.org/wiki/Junko_Sakurada,Junko Sakurada,桜田 淳子
https://en.wikipedia.org/wiki/Erina_Mano,Erina Mano,真野恵里菜
https://en.wikipedia.org/wiki/Sakai_Tadayo,Sakai Tadayo,酒井 忠世
https://en.wikipedia.org/wiki/%C5%8Ctomo_no_Otomaro,Ōtomo no Otomaro,大伴 弟麻呂; 大伴 乙麻呂
https://en.wikipedia.org/wiki/Moe_Oshikiri,Moe Oshikiri,押切 もえ
https://en.wikipedia.org/wiki/Tomomi_Kasai,Tomomi Kasai,河西 智美
https://en.wikipedia.org/wiki/Ch%C5%8Dsokabe_Motochika,Chōsokabe Motochika,長宗我部 元親
https://en.wikipedia.org/wiki/Ijuin_Tadaaki,Ijuin Tada'aki,伊集院忠朗
https://en.wikipedia.org/wiki/Riho_Sayashi,Riho Sayashi,鞘師里保 Sayashi Riho
https://en.wikipedia.org/wiki/Hasekura_Tsunenaga,Hasekura Rokuemon Tsunenaga,支倉 六右衛門 常長
https://en.wikipedia.org/wiki/Hosokawa_Gracia,Hosokawa Tama,細川玉
https://en.wikipedia.org/wiki/Yoshihiro_Tsurumi,Yoshihiro Tsurumi,霍見 芳浩
https://en.wikipedia.org/wiki/Toki_Yorinari,Toki Yorinari,土岐 頼芸
https://en.wikipedia.org/wiki/Kazushige_Nagashima,Kazushige Nagashima,長嶋 一茂
https://en.wikipedia.org/wiki/Tatsuya_Ueda,Tatsuya Ueda,上田 竜也
https://en.wikipedia.org/wiki/Taira_no_Kiyomori,Taira no Kiyomori,平 清盛
https://en.wikipedia.org/wiki/Takeru_Kobayashi,Takeru Kobayashi,小林 尊
https://en.wikipedia.org/wiki/Paul_Tsuchihashi,Paul Yachita Tsuchihashi,土橋 八千太
https://en.wikipedia.org/wiki/Kenichi_Horie,Kenichi Horie,堀江謙一
https://en.wikipedia.org/wiki/Masao_Maruyama_(scholar),Masao Maruyama,丸山 眞男
https://en.wikipedia.org/wiki/Jokichi_Takamine,Takamine Jōkichi,高峰 譲吉
https://en.wikipedia.org/wiki/Yuko_Oshima,Yuko Oshima,大島 優子
https://en.wikipedia.org/wiki/Kiyoura_Keigo,Count Kiyoura Keigo,清浦 奎吾
https://en.wikipedia.org/wiki/Minamoto_no_Yoshitomo,Minamoto no Yoshitomo,源 義朝
https://en.wikipedia.org/wiki/Niwa_Nagashige,Niwa Nagashige,丹羽 長重
https://en.wikipedia.org/wiki/Kanon_Suzuki,Kanon Suzuki,鈴木 香音
https://en.wikipedia.org/wiki/Hitomi_Watanabe,Hitomi Watanabe,渡辺 眸
https://en.wikipedia.org/wiki/Matsudaira_Nobuyasu,Matsudaira Nobuyasu,松平 信康
https://en.wikipedia.org/wiki/Takanori_Nishikawa,Takanori Nishikawa,西川 貴教
https://en.wikipedia.org/wiki/Ryohei_Chiba,W-inds,ウィンズ
https://en.wikipedia.org/wiki/Yu_Yokoyama,You Yokoyama,横山 裕
https://en.wikipedia.org/wiki/Azai_Sukemasa,Azai Sukemasa,浅井 亮政
https://en.wikipedia.org/wiki/Kimura_Takuya,Takuya Kimura,木村 拓哉
https://en.wikipedia.org/wiki/Susumu_Tonegawa,Susumu Tonegawa,利根川 進
https://en.wikipedia.org/wiki/Hiroo_Onoda,Hiroo Onoda,小野田 寛郎
https://en.wikipedia.org/wiki/Chitose_Hajime,Chitose Hajime,元 ちとせ
https://en.wikipedia.org/wiki/Rena_Matsui,Rena Matsui,松井 玲奈
https://en.wikipedia.org/wiki/Sanada_Masayuki,Sanada Masayuki,真田 安房守 昌幸
https://en.wikipedia.org/wiki/Yuko_Ogura,Yuko Ogura,小倉 優子
https://en.wikipedia.org/wiki/Seki_K%C5%8Dwa,Seki Takakazu,関 孝和
https://en.wikipedia.org/wiki/Watanabe_no_Tsuna,Watanabe no Tsuna,渡邊 綱
https://en.wikipedia.org/wiki/Daisaku_Ikeda,Daisaku Ikeda,池田 大作
https://en.wikipedia.org/wiki/Jin_Akanishi,Jin Akanishi,赤西 仁
https://en.wikipedia.org/wiki/Miho_Komatsu,Miho Komatsu,小松 未歩
https://en.wikipedia.org/wiki/Ry%C5%ABz%C5%8Dji_clan,Ryūzōji clan,龍造寺氏
https://en.wikipedia.org/wiki/Ch%C5%8Dsokabe_Kunichika,Chōsokabe Kunichika,長宗我部 国親
https://en.wikipedia.org/wiki/Shigeaki_Kato,Shigeaki Kato,加藤 シゲアキ
https://en.wikipedia.org/wiki/San%27y%C5%ABtei_Ench%C5%8D,Sanyutei Encho I,初代 三遊亭 圓朝(円朝)
https://en.wikipedia.org/wiki/Terada_Torahiko,Torahiko Terada,寺田 寅彦
https://en.wikipedia.org/wiki/Paul_Hisao_Yasuda,Paul Hisao Yasuda,パウロ 安田 久雄
https://en.wikipedia.org/wiki/Seiko_Matsuda,Seiko Matsuda,松田 聖子
https://en.wikipedia.org/wiki/Rino_Sashihara,Rino Sashihara,指原 莉乃
https://en.wikipedia.org/wiki/Takeo_Fukuda,Takeo Fukuda,福田 赳夫
https://en.wikipedia.org/wiki/Kawase_Tomoko,Tomoko Kawase,川瀬 智子
https://en.wikipedia.org/wiki/Korechika_Anami,Korechika Anami,阿南 惟幾
https://en.wikipedia.org/wiki/Kenji_Doihara,Kenji Doihara,土肥原 賢二
https://en.wikipedia.org/wiki/Hyde_(musician),Hideto Takarai,寶井 秀人
https://en.wikipedia.org/wiki/Nui_Onoue,Nui Onoue,尾上縫
https://en.wikipedia.org/wiki/Tokugawa_Ienobu,Tokugawa Ienobu,徳川 家宣
https://en.wikipedia.org/wiki/Kawakami_Gensai,Kawakami Gensai,河上 彦斎
https://en.wikipedia.org/wiki/Tokugawa_Ieyoshi,Tokugawa Ieyoshi,徳川 家慶
https://en.wikipedia.org/wiki/Maeda_Nagatane,Maeda Nagatane,前田 長種
https://en.wikipedia.org/wiki/Araki_Murashige,Araki Murashige,荒木 村重
https://en.wikipedia.org/wiki/Megumi,Megumi,めぐみ
https://en.wikipedia.org/wiki/Keito_Okamoto,Keito Okamoto,岡本 圭人
https://en.wikipedia.org/wiki/Yasuke,Yasuke,弥助; 弥介
https://en.wikipedia.org/wiki/Mirei_Kiritani,Mirei Kiritani,桐谷 美玲
https://en.wikipedia.org/wiki/Nagao_Masakage,Nagao Masakage,長尾 政景
https://en.wikipedia.org/wiki/Tokugawa_Tsunayoshi,Tokugawa Tsunayoshi,徳川 綱吉
https://en.wikipedia.org/wiki/Ayumi_Ishida_(Morning_Musume_member),Ayumi Ishida,石田亜佑美
https://en.wikipedia.org/wiki/Megumi_Odaka,Megumi Odaka,小高恵美
https://en.wikipedia.org/wiki/Haruka_Kudo_(singer),Haruka Kudō,工藤遥
https://en.wikipedia.org/wiki/Mori_Yoshinari,Mori Yoshinari,森 可成
https://en.wikipedia.org/wiki/Junichiro_Koizumi,Junichiro Koizumi,小泉 純一郎
https://en.wikipedia.org/wiki/Jun_Matsumoto,Jun Matsumoto,松本 潤
https://en.wikipedia.org/wiki/Koichi_Tanaka,Koichi Tanaka,田中 耕一
https://en.wikipedia.org/wiki/Kyosuke_Himuro,Kyosuke Himuro,氷室 京介
https://en.wikipedia.org/wiki/%C5%8Cuchi_Hy%C5%8Dei,Ōuchi Hyōei,大内 兵衛
https://en.wikipedia.org/wiki/%C5%8Ctomo_S%C5%8Drin,Ōtomo Sōrin,大友 宗麟
https://en.wikipedia.org/wiki/Miki_Fujimoto,Miki Shōji,庄司 美貴
https://en.wikipedia.org/wiki/Tanzan_Ishibashi,Tanzan Ishibashi,石橋 湛山
https://en.wikipedia.org/wiki/Ryo_Nishikido,Ryo Nishikido,錦戸 亮
https://en.wikipedia.org/wiki/Sait%C5%8D_Yoshitatsu,Saitō Yoshitatsu,斎藤 義龍
https://en.wikipedia.org/wiki/Takashi_Yuasa,Takashi Yuasa,湯浅 卓
https://en.wikipedia.org/wiki/Sin-Itiro_Tomonaga,Shinichiro Tomonaga,朝永 振一郎
https://en.wikipedia.org/wiki/Shimazu_clan,The Shimazu clan,島津氏
https://en.wikipedia.org/wiki/Bessho_Nagaharu,Bessho Nagaharu,別所 長治
https://en.wikipedia.org/wiki/Rina_Akiyama,Rina Akiyama,秋山 莉奈
https://en.wikipedia.org/wiki/Anna_Umemiya,Anna Umemiya,梅宮 アンナ
https://en.wikipedia.org/wiki/Keisuke_Ogihara,Keisuke Ilmari Ogihara,荻原イルマリ恵介
https://en.wikipedia.org/wiki/Tsuyoshi_Kusanagi,Tsuyoshi Kusanagi,草彅 剛
https://en.wikipedia.org/wiki/Tsukahara_Bokuden,Tsukahara Bokuden,塚原 卜伝
https://en.wikipedia.org/wiki/Petro_Kasui_Kibe,Peter Kibe,ペトロ岐部
https://en.wikipedia.org/wiki/Ayaka_Komatsu,Ayaka Komatsu,小松 彩夏
https://en.wikipedia.org/wiki/Masahisa_Fujita,Masahisa Fujita,藤田 昌久
https://en.wikipedia.org/wiki/Stephen_Fumio_Hamao,Stephen Fumio Hamao,濱尾 文郎 Hamao Fumio
https://en.wikipedia.org/wiki/Kakuei_Tanaka,Kakuei Tanaka,田中 角栄; 田中 角榮
https://en.wikipedia.org/wiki/Kantar%C5%8D_Suzuki,Kantarō Suzuki,鈴木 貫太郎
https://en.wikipedia.org/wiki/Shingo_Murakami,Shingo Murakami,村上 信五
https://en.wikipedia.org/wiki/Ry%C5%8Dkan,Ryōkan Taigu,良寛大愚
https://en.wikipedia.org/wiki/Takasugi_Shinsaku,Takasugi Shinsaku,高杉 晋作
https://en.wikipedia.org/wiki/Kiyoshi_Kawakami,"Kiyoshi ""Karl"" Kawakami",河上 清
https://en.wikipedia.org/wiki/End%C5%8D_Naotsune,Endō Naotsune,遠藤 直経
https://en.wikipedia.org/wiki/Yamato_Takeru,Yamato Takeru,ヤマトタケルノミコト
https://en.wikipedia.org/wiki/Kusumi_Koharu,Koharu Kusumi,久住 小春
https://en.wikipedia.org/wiki/Eisaku_Sat%C5%8D,Eisaku Satō,佐藤 榮作
https://en.wikipedia.org/wiki/Kanbe_Miyuki,Miyuki Kanbe,神戸 みゆき
https://en.wikipedia.org/wiki/Itagaki_Nobukata,Itagaki Nobukata,板垣 信方
https://en.wikipedia.org/wiki/Yoshihiko_Noda,Yoshihiko Noda,野田 佳彦
https://en.wikipedia.org/wiki/Ikur%C5%8D_Teshima,Abraham Ikurō Teshima,手島アブラハム郁郎
https://en.wikipedia.org/wiki/Keisuke_Okada,Keisuke Okada,岡田 啓介
https://en.wikipedia.org/wiki/Masao_Miyamoto,Masao Miyamoto,宮本 政於
https://en.wikipedia.org/wiki/Kiichi_Miyazawa,Kiichi Miyazawa,宮澤 喜一
https://en.wikipedia.org/wiki/Empress_Jing%C5%AB,Empress Jingū,神功皇后
https://en.wikipedia.org/wiki/Niwa_Nagahide,Niwa Nagahide,丹羽 長秀
https://en.wikipedia.org/wiki/Yamada_Arinaga,Yamada Arinaga,山田 有栄
https://en.wikipedia.org/wiki/Mitsumasa_Yonai,Mitsumasa Yonai,米内 光政
https://en.wikipedia.org/wiki/M%C5%8Dri_Terumoto,Mōri Terumoto,毛利 輝元
https://en.wikipedia.org/wiki/Tokugawa_Ieyasu,Tokugawa Ieyasu,德川家康
https://en.wikipedia.org/wiki/Morito_Tatsuo,Morito Tatsuo,森戸 辰男
https://en.wikipedia.org/wiki/Tokugawa_Nariaki,Tokugawa Nariaki,徳川 斉昭
https://en.wikipedia.org/wiki/Yuichi_Nakamaru,Yūichi Nakamaru,中丸雄一
https://en.wikipedia.org/wiki/Kawabe_Chieco,Chieko Ochi,越智 千恵子
https://en.wikipedia.org/wiki/Takayama_Shigetomo,Justo Takayama Ukon,ジュスト高山右近
https://en.wikipedia.org/wiki/Erika_Sawajiri,Erika Sawajiri,沢尻 エリカ
https://en.wikipedia.org/wiki/Sayaka_Kanda,Sayaka Kanda,神田 沙也加
https://en.wikipedia.org/wiki/Yuuri_Chinen,Yuri Chinen,知念 侑李
https://en.wikipedia.org/wiki/Niiro_Tadamoto,Niiro Tadamoto,新納 忠元
https://en.wikipedia.org/wiki/Umika_Kawashima,Umika Kawashima,川島 海荷
https://en.wikipedia.org/wiki/Akiyama_Nobutomo,Akiyama Nobutomo,秋山 信友
https://en.wikipedia.org/wiki/Yui_Hiwatashi,Yui Hiwatashi,樋渡結依
https://en.wikipedia.org/wiki/Shimada_Ichir%C5%8D,Shimada Ichirō,島田 一郎
https://en.wikipedia.org/wiki/Sasaki_Kojir%C5%8D,Sasaki Kojirō,佐々木 小次郎
https://en.wikipedia.org/wiki/Hideki_T%C5%8Dj%C5%8D,Hideki Tojo,東條 英機
https://en.wikipedia.org/wiki/Ryuichi_Sakamoto,Ryuichi Sakamoto,坂本 龍一
https://en.wikipedia.org/wiki/Chihiro_Onitsuka,Chihiro Onitsuka,鬼束 ちひろ
https://en.wikipedia.org/wiki/Hitotsubashi_Keiki,Prince Tokugawa Yoshinobu,徳川 慶喜
https://en.wikipedia.org/wiki/Kanata_Hong%C5%8D,Kanata Hongō,本郷 奏多
https://en.wikipedia.org/wiki/Kusunoki_Masashige,Kusunoki Masashige,楠木 正成
https://en.wikipedia.org/wiki/Nobuyuki_Abe,Nobuyuki Abe,阿部 信行
https://en.wikipedia.org/wiki/Chiaki_Kuriyama,Chiaki Kuriyama,栗山 千明
https://en.wikipedia.org/wiki/Erina_Ikuta,Erina Ikuta,生田 衣梨奈
https://en.wikipedia.org/wiki/Koichi_Domoto,Koichi Domoto,堂本 光一
https://en.wikipedia.org/wiki/Miki_Jinbo,Miki Jinbo,神保 美喜
https://en.wikipedia.org/wiki/Takeshi_Amemiya,Takeshi Amemiya,雨宮 健
https://en.wikipedia.org/wiki/Shiori_Tamai,Shiori Tamai,玉井 詩織
https://en.wikipedia.org/wiki/Mew_Azama,Mew Azama,安座間 美優
https://en.wikipedia.org/wiki/Yukio_Hatoyama,Yukio Hatoyama,鳩山 由紀夫
https://en.wikipedia.org/wiki/Uesugi_Kenshin,Uesugi Kenshin,上杉 謙信
https://en.wikipedia.org/wiki/Rokkaku_Yoshitaka,Rokkaku Yoshikata,六角 義賢
https://en.wikipedia.org/wiki/Kazuya_Kamenashi,Kazuya Kamenashi,亀梨 和也
https://en.wikipedia.org/wiki/Keiichiro_Koyama,Keiichiro Koyama,小山 慶一郎
https://en.wikipedia.org/wiki/Papaya_Suzuki,Hiroshi Suzuki,鈴木 寛
https://en.wikipedia.org/wiki/Namie_Amuro,Namie Amuro,安室奈美恵
https://en.wikipedia.org/wiki/Imai_Eriko,Eriko Imai,今井 絵理子
https://en.wikipedia.org/wiki/Jurina_Matsui,Jurina Matsui,松井 珠理奈
https://en.wikipedia.org/wiki/Emi_Hinouchi,Emi Hinouchi,日之内エミ
https://en.wikipedia.org/wiki/Mizuno_Tadakuni,Mizuno Tadakuni,水野 忠邦
https://en.wikipedia.org/wiki/H%C5%8Dj%C5%8D_Ujiyasu,Hōjō Ujiyasu,北条 氏康
https://en.wikipedia.org/wiki/Tokugawa_Mitsukuni,Tokugawa Mitsukuni,徳川 光圀
https://en.wikipedia.org/wiki/Beni_Arashiro,Beni Arashiro,安良城 紅
https://en.wikipedia.org/wiki/Toshiki_Kaifu,Toshiki Kaifu,海部 俊樹
https://en.wikipedia.org/wiki/It%C5%8D_Hirobumi,Duke Itō Hirobumi,伊藤 博文
https://en.wikipedia.org/wiki/Uesugi_Kagekatsu,Uesugi Kagekatsu,上杉 景勝
https://en.wikipedia.org/wiki/Adachi_Kagemori,Adachi Kagemori,安達 景盛
https://en.wikipedia.org/wiki/Emperor_K%C5%8Dbun,Emperor Kōbun,弘文天皇
https://en.wikipedia.org/wiki/Ai_Takahashi,Ai Takahashi,高橋 愛
https://en.wikipedia.org/wiki/Oda_Nobunaga,Oda Nobunaga,織田 信長
https://en.wikipedia.org/wiki/Goro_Inagaki,Goro Inagaki,稲垣 吾郎
https://en.wikipedia.org/wiki/Miyamoto_Musashi,Miyamoto Musashi,宮本 武蔵
https://en.wikipedia.org/wiki/Fujiwara_no_Hidesato,Fujiwara no Hidesato,藤原 秀郷
https://en.wikipedia.org/wiki/%C5%8Ckubo_Toshimichi,Ōkubo Toshimichi,大久保 利通
https://en.wikipedia.org/wiki/Emperor_Tenmu,Emperor Tenmu,天武天皇
https://en.wikipedia.org/wiki/Tokugawa_Ieharu,Tokugawa Ieharu,徳川家治
https://en.wikipedia.org/wiki/Natsuyaki_Miyabi,Miyabi Natsuyaki,夏焼 雅
https://en.wikipedia.org/wiki/Sakae_Menda,Sakae Menda,免田栄
https://en.wikipedia.org/wiki/Yasuo_Fukuda,Yasuo Fukuda,福田 康夫
https://en.wikipedia.org/wiki/Shima_Sakon,Shima Kiyooki,島 清興
https://en.wikipedia.org/wiki/Shimazu_Tadatsune,Shimazu Tadatsune,島津 忠恒
https://en.wikipedia.org/wiki/Satoshi_Tajiri,Satoshi Tajiri,田尻 智
"https://en.wikipedia.org/wiki/William_Adams_(sailor,_born_1564)",William Adams,三浦按針
https://en.wikipedia.org/wiki/Yoshisuke_Aikawa,Yoshisuke Aikawa,鮎川 義介
https://en.wikipedia.org/wiki/Sasaki_Yoshikiyo,Sasaki Yoshikiyo,佐々木 義清
https://en.wikipedia.org/wiki/Ayumi_Kinoshita,Ayumi Kinoshita,木下 あゆ美
https://en.wikipedia.org/wiki/M%C5%8Dri_Okimoto,Mōri Okimoto,毛利興元
https://en.wikipedia.org/wiki/Tsunesabur%C5%8D_Makiguchi,Tsunesaburō Makiguchi,牧口 常三郎
https://en.wikipedia.org/wiki/Azai_Hisamasa,Azai Hisamasa,浅井 久政
https://en.wikipedia.org/wiki/Noriyuki_Makihara,Noriyuki Makihara,槇原 敬之
https://en.wikipedia.org/wiki/Noboru_Takeshita,Noboru Takeshita,竹下 登
https://en.wikipedia.org/wiki/%C5%8Cishi_Kuranosuke,Ōishi Yoshio,大石 良雄
https://en.wikipedia.org/wiki/Hiroko_Anzai,Hiroko Anzai,安西 ひろこ
https://en.wikipedia.org/wiki/Iijima_Ai,Ai Iijima,飯島 愛
https://en.wikipedia.org/wiki/Tomomi_Itano,Tomomi Itano,板野 友美
https://en.wikipedia.org/wiki/Kuroda_Yoshitaka,Kuroda Yoshitaka,黒田 孝高
https://en.wikipedia.org/wiki/Haruna_Iikubo,Haruna Iikubo,飯窪 春菜
https://en.wikipedia.org/wiki/Sonoda_Tenkoko,Tenkōkō Sonoda,園田 天光光
https://en.wikipedia.org/wiki/Zenk%C5%8D_Suzuki,Zenkō Suzuki,鈴木 善幸
https://en.wikipedia.org/wiki/Azusa_Yamamoto,Azusa Yamamoto,山本 梓
https://en.wikipedia.org/wiki/Ishida_Mitsunari,Ishida Mitsunari,石田 三成
https://en.wikipedia.org/wiki/Yanagisawa_Yoshiyasu,Yanagisawa Yoshiyasu,柳沢 吉保
https://en.wikipedia.org/wiki/Minoru_%C5%8Cta,Minoru Ōta,大田 実
https://en.wikipedia.org/wiki/Masaki_Aiba,Masaki Aiba,相葉 雅紀
https://en.wikipedia.org/wiki/Rusu_Masakage,Rusu Masakage,留守 政景
https://en.wikipedia.org/wiki/K%C5%8Dji_Tamaki,Kōji Tamaki,玉置 浩二
https://en.wikipedia.org/wiki/Tachibana_Muneshige,Tachibana Muneshige,立花宗茂
https://en.wikipedia.org/wiki/Kusano_Hironori,Hironori Kusano,草野　博紀
https://en.wikipedia.org/wiki/Maaya_Sakamoto,Maaya Sakamoto,坂本 真綾
https://en.wikipedia.org/wiki/Terauchi_Masatake,Gensui Count Terauchi Masatake,寺内 正毅
https://en.wikipedia.org/wiki/Kat%C5%8D_Kiyomasa,Katō Kiyomasa,加藤 清正
https://en.wikipedia.org/wiki/Junichi_Okada,Junichi Okada,岡田 准一
https://en.wikipedia.org/wiki/Aya_Matsuura,Aya Matsuura,松浦 亜弥
https://en.wikipedia.org/wiki/Joseph_Satoshi_Fukahori,Joseph Satoshi Fukahori,深堀 敏
https://en.wikipedia.org/wiki/Hirofumi_Uzawa,Hirofumi Uzawa,宇沢 弘文
https://en.wikipedia.org/wiki/Reika_Hashimoto,Reika Hashimoto,橋本麗香
https://en.wikipedia.org/wiki/Aki_Hoshino,Aki Hoshino,ほしの あき
https://en.wikipedia.org/wiki/Akiko_Wada,Akiko Wada,和田 アキ子
https://en.wikipedia.org/wiki/Toyotomi_Hideyoshi,Toyotomi Hideyoshi,豐臣 秀吉/豊臣 秀吉
https://en.wikipedia.org/wiki/Keita_Tachibana,Keita Tachibana,橘 慶太
https://en.wikipedia.org/wiki/Tokugawa_Iesada,Tokugawa Iesada,徳川 家定
https://en.wikipedia.org/wiki/Junnosuke_Taguchi,Taguchi junnosuke,田口 淳之介
https://en.wikipedia.org/wiki/Koshi_Inaba,Koshi Inaba,稲葉浩志
https://en.wikipedia.org/wiki/Matsukata_Masayoshi,Prince Matsukata Masayoshi,松方 正義
https://en.wikipedia.org/wiki/Kuroki_Itei,Count Kuroki Tamemoto GCMG,黒木 為楨
https://en.wikipedia.org/wiki/Shimazu_Tadahisa,Shimazu Tadahisa,島津 忠久
https://en.wikipedia.org/wiki/Sait%C5%8D_D%C5%8Dsan,Saitō Dōsan,斎藤 道三
https://en.wikipedia.org/wiki/Aterui,Aterui,アテルイ
https://en.wikipedia.org/wiki/Yukihiro_Takahashi,Yukihiro Takahashi,高橋 幸宏 Takahashi Yukihiro
https://en.wikipedia.org/wiki/Tao_Okamoto,Tao Okamoto,岡本 多緒
https://en.wikipedia.org/wiki/Amago_Yoshihisa,Amago Yoshihisa,尼子 義久
https://en.wikipedia.org/wiki/Momoiro_Clover_Z,Momoiro Clover Z,ももいろクローバーZ
https://en.wikipedia.org/wiki/Kibitsuhiko-no-mikoto,Kibitsu-hiko-no-mikoto,吉備津彦命
https://en.wikipedia.org/wiki/Haruomi_Hosono,Haruomi Hosono,細野 晴臣
https://en.wikipedia.org/wiki/F%C5%ABma_Kotar%C5%8D,Fūma Kotarō,風魔 小太郎
https://en.wikipedia.org/wiki/Hide_(musician),Hideto Matsumoto,松本 秀人
https://en.wikipedia.org/wiki/Momoe_Yamaguchi,Momoe Yamaguchi,山口 百恵
https://en.wikipedia.org/wiki/Hiranuma_Kiichir%C5%8D,Kiichirō Hiranuma,平沼 騏一郎
https://en.wikipedia.org/wiki/Iwane_Matsui,Iwane Matsui,松井 石根
https://en.wikipedia.org/wiki/Tsugunaga_Momoko,Momoko Tsugunaga,嗣永 桃子
https://en.wikipedia.org/wiki/Fukushima_Masanori,Fukushima Masanori,福島 正則
https://en.wikipedia.org/wiki/Hayato_Ikeda,Hayato Ikeda,池田 勇人
https://en.wikipedia.org/wiki/Tokuhichi_Mishima,Tokushichi Mishima,三島 徳七
https://en.wikipedia.org/wiki/Niimi_Nishiki,Niimi Nishiki,新見 錦
https://en.wikipedia.org/wiki/Ryuichi_Ogata,Ryuichi Ogata,緒方 龍一
https://en.wikipedia.org/wiki/Ii_Naosuke,Ii Naosuke,井伊 直弼
https://en.wikipedia.org/wiki/May_J.,May Jamileh Hashimoto,橋本 芽生
https://en.wikipedia.org/wiki/Umezawa_Michiharu,Umezawa Michiharu,梅沢 道治
https://en.wikipedia.org/wiki/Hiromi_Go,Hiromi Go,郷 ひろみ
https://en.wikipedia.org/wiki/Kitasato_Shibasabur%C5%8D,Baron Kitasato Shibasaburō,北里 柴三郎
https://en.wikipedia.org/wiki/Hideaki_Tokunaga,Hideaki Tokunaga,德永 英明
https://en.wikipedia.org/wiki/Shigeto_Tsuru,Shigeto Tsuru,都留 重人
https://en.wikipedia.org/wiki/Nishikawa_Castle,Nishikawa Castle,西川城
https://en.wikipedia.org/wiki/Usami_Sadamitsu,Usami Sadamitsu,宇佐美定満
https://en.wikipedia.org/wiki/Konosuke_Matsushita,Kōnosuke Matsushita,松下 幸之助
https://en.wikipedia.org/wiki/Mori_Nagayoshi,Mori Nagayoshi,森 長可
https://en.wikipedia.org/wiki/Nait%C5%8D_Torajir%C5%8D,Naitō Torajirō,内藤 虎次郎
https://en.wikipedia.org/wiki/Minamoto_no_Yoshiie,Minamoto No Yoshiie,源 義家
https://en.wikipedia.org/wiki/Aochi_Shigetsuna,Aochi Shigetsuna,青地 茂綱
https://en.wikipedia.org/wiki/Aya_Ueto,Aya Ueto,上戸 彩
https://en.wikipedia.org/wiki/Fujiwara_Norika,Norika Fujiwara,藤原 紀香
https://en.wikipedia.org/wiki/Aki_Takajo,Aki Takajo,高城 亜樹
https://en.wikipedia.org/wiki/Utada_Hikaru,Utada Hikaru,宇多田 ヒカル
https://en.wikipedia.org/wiki/Saig%C5%8D-no-Tsubone#Early_life,Lady Saigō,西郷局; 西郷の局 Saigō no Tsubone
https://en.wikipedia.org/wiki/Hotta_Masatoshi,Hotta Masatoshi,堀田 正俊
https://en.wikipedia.org/wiki/M%C5%8Dri_Takamoto,Mōri Takamoto,毛利 隆元
https://en.wikipedia.org/wiki/Michio_Morishima,Michio Morishima,森嶋 通夫
https://en.wikipedia.org/wiki/Minamoto_no_Mitsunaka,Minamoto no Mitsunaka,源 満仲
https://en.wikipedia.org/wiki/Y%C5%ABki_Hideyasu,Yūki Hideyasu,結城 秀康
https://en.wikipedia.org/wiki/Takeo_Miki,Takeo Miki,三木 武夫
https://en.wikipedia.org/wiki/Tomiichi_Murayama,Tomiichi Murayama,村山 富市
https://en.wikipedia.org/wiki/Kyota_Sugimoto,Kyota Sugimoto,杉本 京太
https://en.wikipedia.org/wiki/Arai_Hakuseki,Arai Hakuseki,新井 白石
https://en.wikipedia.org/wiki/%C5%8Cta_D%C5%8Dkan,Ōta Dōkan,太田 道灌
https://en.wikipedia.org/wiki/Takahashi_Shigetane,Takahashi Shigetane,高橋 紹運
https://en.wikipedia.org/wiki/K%C5%8Dki_Hirota,Kōki Hirota,廣田 弘毅
https://en.wikipedia.org/wiki/Bonnie_Pink,Kaori Asada,浅田 香織
https://en.wikipedia.org/wiki/Mao_Inoue,Mao Inoue,今井 茜
https://en.wikipedia.org/wiki/Tadanobu_Asano,Tadanobu Satō,佐藤 忠信
https://en.wikipedia.org/wiki/Mina_Fukui,Mina Fukui,福井 未菜
https://en.wikipedia.org/wiki/Takahisa_Masuda,Takahisa Masuda,増田 貴久
https://en.wikipedia.org/wiki/Shota_Yasuda,Kanjani Eight,関ジャニ∞（エイト）
https://en.wikipedia.org/wiki/Hattori_Hanz%C5%8D,Hattori Hanzō,服部 半蔵
https://en.wikipedia.org/wiki/Shigefumi_Mori,Shigefumi Mori,森 重文
https://en.wikipedia.org/wiki/Amago_clan,The Amago clan,尼子氏
https://en.wikipedia.org/wiki/Alisa_Durbrow,Alisa Yuriko Durbrow,アリサ・ユリコ・ダーブロウ
https://en.wikipedia.org/wiki/Y%C5%8Dsui_Inoue,Yōsui Inoue,井上 陽水
https://en.wikipedia.org/wiki/Lady_Saig%C5%8D,Lady Saigō,西郷局; 西郷の局 Saigō no Tsubone
https://en.wikipedia.org/wiki/Toshi_Kubota,"Toshinobu ""Toshi"" Kubota",久保田 利伸
https://en.wikipedia.org/wiki/Tachibana_Ginchiyo,Tachibana Ginchiyo,立花 誾千代
https://en.wikipedia.org/wiki/Peter_Takeo_Okada,Peter Takeo Okada,岡田 武夫
https://en.wikipedia.org/wiki/Takuan_S%C5%8Dh%C5%8D,Takuan Sōhō,沢庵 宗彭
https://en.wikipedia.org/wiki/Minamoto_no_Tameyoshi,Minamoto no Tameyoshi,源 為義
https://en.wikipedia.org/wiki/Shimazu_Takahisa,Shimazu Takahisa,島津 貴久
https://en.wikipedia.org/wiki/Ukita_Naoie,Ukita Naoie,宇喜多 直家
https://en.wikipedia.org/wiki/Emi_Watanabe,Emi Kathleen Watanabe,渡部 絵美
https://en.wikipedia.org/wiki/Maeda_Toshiie,Maeda Toshiie,前田 利家
https://en.wikipedia.org/wiki/Nobuhiro_Kiyotaki,Nobuhiro Kiyotaki FBA,清滝 信宏
https://en.wikipedia.org/wiki/Komatsuhime,Komatsuhime,小松姫
https://en.wikipedia.org/wiki/Takenaka_Shigeharu,Takenaka Shigeharu,竹中 重治
https://en.wikipedia.org/wiki/Kiyoshiro_Imawano,Kiyoshiro Imawano,忌野 清志郎
https://en.wikipedia.org/wiki/Gam%C5%8D_Ujisato,Gamō Ujisato,蒲生 氏郷
https://en.wikipedia.org/wiki/Matsudaira_Sadanobu,Matsudaira Sadanobu,松平 定信
https://en.wikipedia.org/wiki/Maeda_Keiji,Maeda Toshimasu,前田 利益
https://en.wikipedia.org/wiki/Tanaka_Koki,KAT-TUN,カトゥーン
https://en.wikipedia.org/wiki/Yoshiki_(musician),Yoshiki Hayashi,林 佳樹
https://en.wikipedia.org/wiki/Mihiro,Mihiro Taniguchi,谷口 みひろ
https://en.wikipedia.org/wiki/Daiki_Arioka,Daiki Arioka,有岡 大貴
https://en.wikipedia.org/wiki/Shigeru_Miyamoto,Shigeru Miyamoto,宮本 茂
https://en.wikipedia.org/wiki/Uchimura_Kanz%C5%8D,Uchimura Kanzō,内村 鑑三
https://en.wikipedia.org/wiki/M%C5%8Dri_Motonari,Mōri Motonari,毛利 元就
https://en.wikipedia.org/wiki/Tanaka_Giichi,Baron Tanaka Giichi,田中 義一
https://en.wikipedia.org/wiki/Battle_of_Miyajima,The 1555 Battle of Miyajima,厳島合戦
https://en.wikipedia.org/wiki/Matsuo_Bash%C5%8D,Matsuo Bashō,松尾 芭蕉
https://en.wikipedia.org/wiki/Ryosuke_Yamada,Ryosuke Yamada,山田 涼介
https://en.wikipedia.org/wiki/Suzuka_Morita,Suzuka Morita,森田 涼花
https://en.wikipedia.org/wiki/Anna_Tsuchiya,Anna Tsuchiya,土屋 アンナ
https://en.wikipedia.org/wiki/Saig%C5%8D-no-Tsubone#Background,Lady Saigō,西郷局; 西郷の局 Saigō no Tsubone
https://en.wikipedia.org/wiki/Fumimaro_Konoe,Fumimaro Konoe,近衞 文麿
https://en.wikipedia.org/wiki/Takako_%C5%8Cta,Takako Ōta,太田貴子
https://en.wikipedia.org/wiki/Minami_Minegishi,Minami Minegishi,峯岸 みなみ
https://en.wikipedia.org/wiki/Saburo_Ienaga,Saburō Ienaga,家永 三郎
https://en.wikipedia.org/wiki/Tokugawa_Ietsuna,Tokugawa Ietsuna,徳川 家綱
https://en.wikipedia.org/wiki/Kazumasa_Oda,Kazumasa Oda,小田 和正
https://en.wikipedia.org/wiki/Ii_Naomori,Ii Naomori,井伊 直盛
https://en.wikipedia.org/wiki/Kimotsuki_Kanetsugu,Kimotsuki Kanetsugu,肝付 兼続
https://en.wikipedia.org/wiki/Yuu_Shirota,Yu Shirota,城田 優
https://en.wikipedia.org/wiki/Minamoto_no_Yorimitsu,Minamoto no Yorimitsu,源 頼光
https://en.wikipedia.org/wiki/Amago_Haruhisa,Amago Haruhisa,尼子 晴久
https://en.wikipedia.org/wiki/Nobusuke_Kishi,Nobusuke Kishi,岸 信介
https://en.wikipedia.org/wiki/H%C5%8Dj%C5%8D_Masako,Hōjō Masako,北条 政子
https://en.wikipedia.org/wiki/Sayumi_Michishige,Sayumi Michishige,道重 さゆみ
https://en.wikipedia.org/wiki/Eikichi_Yazawa,Eikichi Yazawa,矢沢 永吉
https://en.wikipedia.org/wiki/Masako_Mori_(enka_musician),Masako Mori,森 昌子
https://en.wikipedia.org/wiki/Oda_Nobutada,Oda Nobutada,織田 信忠
https://en.wikipedia.org/wiki/Mariya_Nishiuchi,Mariya Nishiuchi,西内 まりや
https://en.wikipedia.org/wiki/Ukichiro_Nakaya,Ukichiro Nakaya,中谷 宇吉郎
https://en.wikipedia.org/wiki/Goro_Shimura,Gorō Shimura,志村 五郎
https://en.wikipedia.org/wiki/Hideki_Yukawa,Hideki Yukawa,湯川 秀樹
https://en.wikipedia.org/wiki/Yamada_Yu,Yu Yamada,山田 優
https://en.wikipedia.org/wiki/Koike_Teppei,Teppei Koike,小池 徹平
https://en.wikipedia.org/wiki/Kikunae_Ikeda,Kikunae Ikeda,池田 菊苗
https://en.wikipedia.org/wiki/Matsudaira_Teru,Matsudaira Teru,松平 照
https://en.wikipedia.org/wiki/Peter_Doi,Peter Tatsuo Doi,土井 辰雄 Doi Tatsuo
https://en.wikipedia.org/wiki/Hitomi_(singer),Hitomi Furuya,古谷 仁美
https://en.wikipedia.org/wiki/Osachi_Hamaguchi,Hamaguchi Osachi,濱口 雄幸
https://en.wikipedia.org/wiki/Honda_Tadakatsu,Honda Tadakatsu,本多 忠勝
https://en.wikipedia.org/wiki/Kunihiko_Kodaira,Kunihiko Kodaira,小平 邦彦
https://en.wikipedia.org/wiki/Satoshi_Ohno,Satoshi Ohno,大野 智
https://en.wikipedia.org/wiki/Hikaru_Nishida,Hikaru Nishida,西田 ひかる
https://en.wikipedia.org/wiki/Shinz%C5%8D_Abe,Shinzo Abe,安倍 晋三
https://en.wikipedia.org/wiki/Yamagata_Aritomo,Gensui Prince Yamagata Aritomo,山縣 有朋
https://en.wikipedia.org/wiki/H%C5%8Dj%C5%8D_Tokimune,Hōjō Tokimune,北条 時宗
https://en.wikipedia.org/wiki/Tatsuro_Yamashita,Tatsurō Yamashita,山下 達郎
https://en.wikipedia.org/wiki/Linda_Yamamoto,Linda Yamamoto,山本リンダ
https://en.wikipedia.org/wiki/Miho_Nakayama,Miho Nakayama,中山 美穂
https://en.wikipedia.org/wiki/Kikkawa_Hiroie,Kikkawa Hiroie,吉川 広家
https://en.wikipedia.org/wiki/Chiune_Sugihara,Chiune Sugihara,杉原 千畝
https://en.wikipedia.org/wiki/Sakichi_Toyoda,Sakichi Toyoda,豊田 佐吉
https://en.wikipedia.org/wiki/Matsudaira_Katamori,Matsudaira Katamori,松平 容保
https://en.wikipedia.org/wiki/Yuya_Tegoshi,Yuya Tegoshi,手越 祐也
https://en.wikipedia.org/wiki/Shimazu_Yoshihiro,Shimazu Yoshihiro,島津 義弘
https://en.wikipedia.org/wiki/Masahiro_Nakai,Masahiro Nakai,中居 正広
https://en.wikipedia.org/wiki/Ayaka_Sasaki,Ayaka Sasaki,佐々木 彩夏
https://en.wikipedia.org/wiki/Yagy%C5%AB_J%C5%ABbei_Mitsuyoshi,Yagyū Jūbei Mitsuyoshi,柳生 十兵衞 三厳
https://en.wikipedia.org/wiki/Chisaki_Hama,Rika Izumi,泉 梨華
https://en.wikipedia.org/wiki/Sakai_Tadakiyo,Sakai Tadakiyo,酒井 忠清
https://en.wikipedia.org/wiki/Ken_Sakamura,Ken Sakamura,坂村 健
https://en.wikipedia.org/wiki/Serizawa_Kamo,Serizawa Kamo,芹沢 鴨
"https://en.wikipedia.org/wiki/LISA_(Japanese_musician,_born_1974)",Elizabeth Sakura Narita,成田・エリザベス・サクラ
https://en.wikipedia.org/wiki/Yukihiro_Torikai,Yukihiro Torikai,鳥飼 行博
https://en.wikipedia.org/wiki/Azai_Nagamasa,Azai Nagamasa,浅井 長政
https://en.wikipedia.org/wiki/Ii_Naoyuki,Naoyuki Ii,伊井 直行
https://en.wikipedia.org/wiki/Yamanami_Keisuke,Yamanami Keisuke,山南 敬助
https://en.wikipedia.org/wiki/Leo_Esaki,Reona Esaki,江崎 玲於奈 Esaki Reona
https://en.wikipedia.org/wiki/Oda_Nobukatsu,Oda Nobukatsu,織田 信雄
https://en.wikipedia.org/wiki/Eisai,Myōan Eisai/Yōsai,明菴栄西
https://en.wikipedia.org/wiki/Kiichiro_Toyoda,Kiichiro Toyoda,豊田 喜一郎 (とよだ きいちろう)
https://en.wikipedia.org/wiki/Watanabe_Kazan,Watanabe Kazan,渡辺 崋山
https://en.wikipedia.org/wiki/Minamoto_no_Noriyori,Minamoto no Noriyori,源 範頼
https://en.wikipedia.org/wiki/Miliyah_Kato,Miho Katō,加藤 美穂
https://en.wikipedia.org/wiki/Okita_S%C5%8Dji,Okita Sōji,沖田 総司
https://en.wikipedia.org/wiki/Nihonmatsu_Yoshitsugu,Nihonmatsu Yoshitsugu,二本松 義継
https://en.wikipedia.org/wiki/Nakayama_Miki,Nakayama Miki,中山 みき
https://en.wikipedia.org/wiki/Yuto_Nakajima,Yuto Nakajima,中島 裕翔
https://en.wikipedia.org/wiki/Koharu_Kusumi,Koharu Kusumi,久住 小春
https://en.wikipedia.org/wiki/Kij%C5%ABr%C5%8D_Shidehara,Baron Kijūrō Shidehara,幣原 喜重郎
https://en.wikipedia.org/wiki/Kuroda_Denta,Kuroda Denta,黒田 伝太
https://en.wikipedia.org/wiki/Minamoto_no_Yoshimitsu,Minamoto no Yoshimitsu,源 義光
https://en.wikipedia.org/wiki/Katagiri_Katsumoto,Katagiri Katsumoto,片桐 且元
https://en.wikipedia.org/wiki/Masaki_Sato,Masaki Satō,佐藤優樹
https://en.wikipedia.org/wiki/Chise_Nakamura,Chise Nakamura,中村 知世
https://en.wikipedia.org/wiki/Fukuzawa_Yukichi,Fukuzawa Yukichi,福澤 諭吉
https://en.wikipedia.org/wiki/Airi_Suzuki,Airi Suzuki,鈴木 愛理
https://en.wikipedia.org/wiki/Naoe_Kanetsugu,Naoe Kanetsugu,直江 兼続
https://en.wikipedia.org/wiki/Sowelu,Aki Harada,原田 亜希
https://en.wikipedia.org/wiki/Ch%C5%8Dsokabe_Nobuchika,Chōsokabe Nobuchika,長宗我部信親
https://en.wikipedia.org/wiki/Emyli,Emyli,エミリ
https://en.wikipedia.org/wiki/Tsuyoshi_Domoto,Tsuyoshi Domoto,堂本 剛
https://en.wikipedia.org/wiki/Jujiro_Matsuda,Jujiro Matsuda,松田 重次郎
https://en.wikipedia.org/wiki/Kei_Inoo,Kei Inoo,伊野尾 慧
https://en.wikipedia.org/wiki/Takeda_Katsuyori,Takeda Katsuyori,武田 勝頼
https://en.wikipedia.org/wiki/Yamamoto_Gonnohy%C5%8De,Yamamoto Gonbee,山本 權兵衞
https://en.wikipedia.org/wiki/Shiro_Kawase,Shiro Kawase,河瀬 四郎
https://en.wikipedia.org/wiki/Michio_Suzuki_(inventor),Michio Suzuki,鈴木 道雄
https://en.wikipedia.org/wiki/Miyavi,Takamasa Ishihara,石原 崇雅
https://en.wikipedia.org/wiki/Akechi_Mitsuhide,Akechi Mitsuhide,明智 光秀
https://en.wikipedia.org/wiki/Fumio_Hayashi,Fumio Hayashi,林 文夫
https://en.wikipedia.org/wiki/Takano_Iwasaburo,Takano Iwasaburo,高野 岩三郎
https://en.wikipedia.org/wiki/Sakae_%C5%8Cba,Sakae Ōba,大場 栄
https://en.wikipedia.org/wiki/Soichiro_Honda,Soichiro Honda,本田 宗一郎
https://en.wikipedia.org/wiki/Marcus_Tulio_Tanaka,Marcus Tulio Tanaka,田中 マルクス 闘莉王
https://en.wikipedia.org/wiki/Jun_Natsukawa,Jun Natsukawa,夏川 純
https://en.wikipedia.org/wiki/Rie_Kitahara,Rie Kitahara,北原 里英
https://en.wikipedia.org/wiki/Yasuhiro_Nakasone,Yasuhiro Nakasone,中曽根 康弘
https://en.wikipedia.org/wiki/Mori_Arinori,Viscount Mori Arinori,森 有礼
https://en.wikipedia.org/wiki/Iwanari_Tomomichi,Iwanari Tomomichi,岩成 友通
https://en.wikipedia.org/wiki/Enomoto_Takeaki,Viscount Enomoto Takeaki,榎本 武揚
https://en.wikipedia.org/wiki/Imagawa_Yoshimoto,Imagawa Yoshimoto,今川 義元
https://en.wikipedia.org/wiki/Ted_Fujita,Tetsuya Theodore Fujita,藤田 哲也
https://en.wikipedia.org/wiki/Daisetz_Teitaro_Suzuki,Daisetsu Teitaro Suzuki,鈴木 大拙 貞太郎 Suzuki Daisetsu Teitarō
https://en.wikipedia.org/wiki/Mikimoto_K%C5%8Dkichi,Mikimoto Kōkichi,御木本 幸吉
https://en.wikipedia.org/wiki/S%C5%8Dsuke_Uno,Sōsuke Uno,宇野 宗佑
https://en.wikipedia.org/wiki/Megumi_Hayashibara,Megumi Hayashibara,林原 めぐみ
https://en.wikipedia.org/wiki/Miyoshi_Ch%C5%8Dkei,Miyoshi Nagayoshi,三好 長慶
https://en.wikipedia.org/wiki/Sanada_Yukimura,Sanada Yukimura,真田 幸村
https://en.wikipedia.org/wiki/Iizasa_Ienao,Iizasa Chōisai Ienao,飯篠 長威斉 家直
https://en.wikipedia.org/wiki/Asakura_Yoshikage,Asakura Yoshikage,朝倉 義景
https://en.wikipedia.org/wiki/Naoto_Kan,Naoto Kan,菅 直人
https://en.wikipedia.org/wiki/Minamoto_no_Yoritomo,Minamoto no Yoritomo,源 頼朝
https://en.wikipedia.org/wiki/Tokugawa_Yoshinobu,Prince Tokugawa Yoshinobu,徳川 慶喜
https://en.wikipedia.org/wiki/Kanako_Momota,Kanako Momota,百田 夏菜子
https://en.wikipedia.org/wiki/Hirate_Masahide,Hirate Masahide,平手 政秀
https://en.wikipedia.org/wiki/Harumi_Kurihara,Harumi Kurihara,栗原 はるみ
https://en.wikipedia.org/wiki/Kanda_Nobuo,Professor Nobuo Kanda,神田 信夫
https://en.wikipedia.org/wiki/Uchimura_Kanzo,Uchimura Kanzō,内村 鑑三
https://en.wikipedia.org/wiki/Wakatsuki_Reijir%C5%8D,Baron Wakatsuki Reijirō,若槻 禮次郎
https://en.wikipedia.org/wiki/Masaki_Kashiwara,Masaki Kashiwara,柏原 正樹
https://en.wikipedia.org/wiki/Morihiro_Hosokawa,Morihiro Hosokawa,細川 護煕
https://en.wikipedia.org/wiki/Ch%C5%8Dsokabe_Morichika,Chōsokabe Morichika,長宗我部 盛親
https://en.wikipedia.org/wiki/Yasuyuki_Okamura,Yasuyuki Okamura,岡村靖幸
https://en.wikipedia.org/wiki/Prince_Naruhiko_Higashikuni,General Prince Naruhiko Higashikuni,東久邇宮稔彦王
https://en.wikipedia.org/wiki/Manabe_Akifusa,Manabe Akifusa,間部 詮房
https://en.wikipedia.org/wiki/Toma_Ikuta,Toma Ikuta,生田 斗真
https://en.wikipedia.org/wiki/Takeshi_Kaneshiro,Takeshi Kaneshiro,金城 武
https://en.wikipedia.org/wiki/Tomohisa_Yamashita,Tomohisa Yamashita,山下 智久
https://en.wikipedia.org/wiki/Yoshir%C5%8D_Mori,Yoshirō Mori,森 喜朗
https://en.wikipedia.org/wiki/Toshiki_Kadomatsu,Toshiki Kadomatsu,角松 敏生
https://en.wikipedia.org/wiki/Takeda_Nobushige,Takeda Nobushige,武田 信繁
https://en.wikipedia.org/wiki/Yoko_Matsugane,Yoko Matsugane,松金 ようこ
https://en.wikipedia.org/wiki/Crystal_Kay,Crystal Kay Williams,クリスタル・ケイ・ウィリアムズ
https://en.wikipedia.org/wiki/Nagao_Harukage,Nagao Harukage,長尾 晴景
https://en.wikipedia.org/wiki/Sakuma_Nobumori,Sakuma Nobumori,佐久間 信盛
https://en.wikipedia.org/wiki/Inoue_Waka,Waka Inoue,井上 和香
https://en.wikipedia.org/wiki/Airi_%C5%8Ctsu,Eri Ōtsu,大津愛梨
https://en.wikipedia.org/wiki/Yamagata_Masakage,Yamagata Masakage,山県 昌景
https://en.wikipedia.org/wiki/Sait%C5%8D_Makoto,"Viscount Saitō Makoto, GCB",斎藤 実
https://en.wikipedia.org/wiki/Keiz%C5%8D_Obuchi,Keizō Obuchi,小渕 恵三
https://en.wikipedia.org/wiki/Hara_Takashi,Hara Takashi,原 敬
https://en.wikipedia.org/wiki/Nagao_Tamekage,Nagao Tamekage,長尾 為景
https://en.wikipedia.org/wiki/Joseph_Asajiro_Satowaki,Joseph Asajirô Satowaki,里脇 浅次郎 Satowaki Asajirō
https://en.wikipedia.org/wiki/Koji_Ota,Koji Ota,太田 幸司
https://en.wikipedia.org/wiki/Minami_Takahashi,Minami Takahashi,高橋 みなみ
https://en.wikipedia.org/wiki/Tar%C5%8D_As%C5%8D,Tarō Asō,麻生 太郎
https://en.wikipedia.org/wiki/Yukiko_Okada,Yukiko Okada,岡田 有希子
https://en.wikipedia.org/wiki/Kanako_Enomoto,Kanako Enomoto,榎本 加奈子 Enomoto Kanako
https://en.wikipedia.org/wiki/Taira_no_Masakado,Taira no Masakado,平 将門
https://en.wikipedia.org/wiki/Hirofumi_Yamashita,Hirofumi Yamashita,山下 弘文
https://en.wikipedia.org/wiki/Kumi_Koda,Kumiko Kōda,神田 來未子
https://en.wikipedia.org/wiki/Riyo_Mori,Riyo Mori,森 理世
https://en.wikipedia.org/wiki/Takayama_Ukon,Justo Takayama Ukon,ジュスト高山右近
https://en.wikipedia.org/wiki/Megumi_Nakajima,Megumi Nakajima,中島 愛
https://en.wikipedia.org/wiki/Oda_Nobuhide,Oda Nobuhide,織田 信秀
https://en.wikipedia.org/wiki/Ayaka_Hirahara,Ayaka Hirahara,平原 綾香
https://en.wikipedia.org/wiki/Tomoyasu_Hotei,Tomoyasu Hotei,布袋 寅泰
https://en.wikipedia.org/wiki/Oda_Nobutomo,Oda Nobutomo,織田 信友
https://en.wikipedia.org/wiki/Keisuke_Kuwata,Keisuke Kuwata,桑田 佳祐
https://en.wikipedia.org/wiki/Kaneko_Ietada,Kaneko Ietada,金子 家忠
https://en.wikipedia.org/wiki/Date_clan,The Date clan,伊達氏
https://en.wikipedia.org/wiki/Masumi_Okada,Masumi Okada,岡田眞澄
https://en.wikipedia.org/wiki/Sakamoto_Ry%C5%8Dma,Sakamoto Ryōma,坂本龍馬
https://en.wikipedia.org/wiki/Katsura_Tar%C5%8D,Prince Katsura Tarō,桂 太郎
https://en.wikipedia.org/wiki/Sagara_Taket%C5%8D,Sagara Taketō,相良 武任
https://en.wikipedia.org/wiki/Waka_Inoue,Waka Inoue,井上 和香
https://en.wikipedia.org/wiki/Hatano_Hideharu,Hatano Hideharu,波多野 秀治 Hatano Hideharu
https://en.wikipedia.org/wiki/Takeo_Yoshikawa,Takeo Yoshikawa,吉川 猛夫
https://en.wikipedia.org/wiki/Reina_Tanaka,Reina Tanaka,田中 れいな
https://en.wikipedia.org/wiki/Eiji_Toyoda,Eiji Toyoda AC,豊田 英二
https://en.wikipedia.org/wiki/Ichir%C5%8D_Hatoyama,Ichirō Hatoyama,鳩山 一郎
https://en.wikipedia.org/wiki/Becky_(television_personality),Rebecca Eri Rabone,レベッカ・英里・レイボーン
https://en.wikipedia.org/wiki/Itagaki_Taisuke,Count Itagaki Taisuke,板垣 退助
https://en.wikipedia.org/wiki/Kido_Takayoshi,Kido Takayoshi,木戸 孝允
https://en.wikipedia.org/wiki/Kanji_Ishiwara,"Head of G-1, General Staff Office",石原 莞爾
https://en.wikipedia.org/wiki/Tokugawa_Ienari,Tokugawa Ienari,徳川 家斉
https://en.wikipedia.org/wiki/Yuka_Murofushi,Yuka Murofushi,室伏 由佳
https://en.wikipedia.org/wiki/Mino_Monta,Monta Mino,みの もんた
https://en.wikipedia.org/wiki/Hosokawa_Tadaoki,Hosokawa Tadaoki,細川 忠興
https://en.wikipedia.org/wiki/Shimazu_Katsuhisa,Shimazu Katsuhisa,島津 勝久
https://en.wikipedia.org/wiki/Nakagawa_Kiyohide,Nakagawa Kiyohide,中川 清秀
https://en.wikipedia.org/wiki/Ii_Naotaka,Ii Naotaka,井伊 直孝
https://en.wikipedia.org/wiki/Thelma_Aoyama,Thelma Aoyama,青山 テルマ
https://en.wikipedia.org/wiki/Hiroki_Uchi,Hiroki Uchi,内 博貴
https://en.wikipedia.org/wiki/%C5%8Cuchi_Yoshitaka,Ōuchi Yoshitaka,大内 義隆
https://en.wikipedia.org/wiki/Ogasawara_Sh%C5%8Dsai,Ogasawara Shōsai,小笠原 少斎
https://en.wikipedia.org/wiki/K%C5%ABkai,Kūkai,空海
https://en.wikipedia.org/wiki/Yasujiro_Niwa,'Yasujiro Niwa,丹羽 保次郎
https://en.wikipedia.org/wiki/Sakai_Tadashige,Sakai Tadashige,酒井忠績
https://en.wikipedia.org/wiki/Katori_Shingo,Shingo Katori,香取 慎吾
https://en.wikipedia.org/wiki/%C5%8Ckuma_Shigenobu,Marquess Ōkuma Shigenobu,大隈 重信
https://en.wikipedia.org/wiki/Kuroda_Kiyotaka,Count Kuroda Kiyotaka,黒田 清隆
https://en.wikipedia.org/wiki/Yuki_Kashiwagi,Yuki Kashiwagi,柏木 由紀
https://en.wikipedia.org/wiki/Yuma_Nakayama,Yuma Nakayama,中山 優馬
https://en.wikipedia.org/wiki/%C5%8Coka_Tadasuke,Ōoka Tadasuke,大岡 忠相
https://en.wikipedia.org/wiki/Saig%C5%8D_Takamori,Saigō Takamori,西鄕 隆盛 (隆永)
https://en.wikipedia.org/wiki/Ayumi_Hamasaki,Ayumi Hamasaki,浜崎あゆみ
https://en.wikipedia.org/wiki/Hirotoshi_Honda,Hirotoshi Honda,本田 博俊
https://en.wikipedia.org/wiki/Tokugawa_Hidetada,Tokugawa Hidetada,徳川 秀忠
https://en.wikipedia.org/wiki/Seika_Furuhata,Seika Furuhata,古畑 星夏
https://en.wikipedia.org/wiki/Nitobe_Inaz%C5%8D,Nitobe Inazō,新渡戸 稲造
https://en.wikipedia.org/wiki/Tokugawa_Iemochi,Tokugawa Iemochi,徳川 家茂
https://en.wikipedia.org/wiki/Maeda_Atsuko,Atsuko Maeda,前田 敦子
https://en.wikipedia.org/wiki/Kobayakawa_Takakage,Kobayakawa Takakage,小早川 隆景
https://en.wikipedia.org/wiki/Reon_Kadena,Reon Kadena,かでな れおん
https://en.wikipedia.org/wiki/Teiji_Takagi,Teiji Takagi,高木 貞治 Takagi Teiji
https://en.wikipedia.org/wiki/Shimazu_Tadayoshi,Shimazu Tadayoshi,島津 忠良
https://en.wikipedia.org/wiki/Tani_Tateki,Viscount Tani Tateki,谷 干城
https://en.wikipedia.org/wiki/Yamada_Nagamasa,Yamada Nagamasa,山田 長政
https://en.wikipedia.org/wiki/Yoshihiko_Kikuchi,Yoshihiko Kikuchi,菊地良彦
https://en.wikipedia.org/wiki/Takeda_Shingen,Takeda Shingen,武田 信玄
https://en.wikipedia.org/wiki/Honganji_Kennyo,Kōsa,光佐
https://en.wikipedia.org/wiki/Subaru_Shibutani,Subaru Shibutani,渋谷 すばる
https://en.wikipedia.org/wiki/Shoko_Nakagawa,Shoko Nakagawa,中川 翔子
https://en.wikipedia.org/wiki/Masayoshi_%C5%8Chira,Masayoshi Ōhira,大平 正芳
https://en.wikipedia.org/wiki/Tsutomu_Hata,Tsutomu Hata,羽田 孜
https://en.wikipedia.org/wiki/Goto_Maki,Maki Goto,後藤 真希
https://en.wikipedia.org/wiki/Kat%C5%8D_Takaaki,Count Katō Takaaki,加藤 高明
https://en.wikipedia.org/wiki/Atsuko_Maeda,Atsuko Maeda,前田 敦子
https://en.wikipedia.org/wiki/Ebihara_Yuri,Yuri Ebihara,蛯原 友里
https://en.wikipedia.org/wiki/Yuna_Ito,Yuna Ito,伊藤 由奈
https://en.wikipedia.org/wiki/Saijo_Hideki,Hideki Saijō,西城 秀樹
https://en.wikipedia.org/wiki/Kotaro_Honda,Kotaro Honda,本多 光太郎
https://en.wikipedia.org/wiki/Tetsu_Katayama,Tetsu Katayama,片山 哲
https://en.wikipedia.org/wiki/Mari_Amachi,Mari Amachi,天地 真理
https://en.wikipedia.org/wiki/Noriko_Sakai,Noriko Sakai,酒井 法子
https://en.wikipedia.org/wiki/Hosokawa_Fujitaka,Hosokawa Fujitaka,細川 藤孝
https://en.wikipedia.org/wiki/Ayaka,Ayaka Iida,飯田 絢香
https://en.wikipedia.org/wiki/Gam%C5%8D_Katahide,Gamō Katahide,蒲生 賢秀
https://en.wikipedia.org/wiki/Shinohara_Tomoe,Tomoe Shinohara,篠原ともえ
https://en.wikipedia.org/wiki/Keiko_Kitagawa,Keiko Kitagawa,北川 景子
https://en.wikipedia.org/wiki/Ankokuji_Ekei,Ankokuji Ekei,安国寺 恵瓊
https://en.wikipedia.org/wiki/Nagakura_Shinpachi,Nagakura Shinpachi,永倉 新八
https://en.wikipedia.org/wiki/Mayu_Watanabe,Mayu Watanabe,渡辺 麻友
https://en.wikipedia.org/wiki/Nikk%C5%8D_(priest),Nikkō Shōnin,日興上人
https://en.wikipedia.org/wiki/Aya_Hirano,Aya Hirano,平野 綾
https://en.wikipedia.org/wiki/Takechi_Hanpeita,Takechi Zuizan,武市 瑞山
https://en.wikipedia.org/wiki/Minamoto_no_Yorimasa,Minamoto no Yorimasa,源 頼政
https://en.wikipedia.org/wiki/Chieko_Kawabe,Chieko Ochi,越智 千恵子
https://en.wikipedia.org/wiki/Hitoshi_Ashida,Hitoshi Ashida,芦田 均
https://en.wikipedia.org/wiki/Yasuma_Takada,Yasuma Takata,高田 保馬
https://en.wikipedia.org/wiki/MINMI,Michiko Evwana,ミンミ
https://en.wikipedia.org/wiki/Yukio_Tsuda_(professor),Yukio Tsuda,津田 幸男
https://en.wikipedia.org/wiki/Saig%C5%8D-no-Tsubone,Lady Saigō,西郷局; 西郷の局 Saigō no Tsubone
https://en.wikipedia.org/wiki/Momoka_Ariyasu,Momoka Ariyasu,有安 杏果
https://en.wikipedia.org/wiki/Mizuki_Fukumura,Mizuki Fukumura,譜久村 聖
https://en.wikipedia.org/wiki/Uesugi_Kagetora,Uesugi Kagetora,上杉 景虎
https://en.wikipedia.org/wiki/Magdalene_of_Nagasaki,Magdalene of Nagasaki,長崎のマグダレナ
https://en.wikipedia.org/wiki/Akao_Kiyotsuna,Akao Kiyotsuna,赤尾 清綱
https://en.wikipedia.org/wiki/Takahiro_Kawai,Takahiro Kawai,河合 隆裕
https://en.wikipedia.org/wiki/Yamauchi_Kazutoyo,Yamauchi Kazutoyo,山内 一豊 （やまうち かつとよ）
https://en.wikipedia.org/wiki/Hiro_Matsushita,"Hiroyuki ""Hiro"" Matsushita",ヒロ松下
https://en.wikipedia.org/wiki/Sakai_Toshihiko,Sakai Toshihiko,堺 利彦
https://en.wikipedia.org/wiki/Fuwa_Mitsuharu,Fuwa Mitsuharu,不破 光治
https://en.wikipedia.org/wiki/Abe_Masakatsu,Abe Masakatsu,阿部 正勝
https://en.wikipedia.org/wiki/Jacobo_Kyushei_Tomonaga,Jacobo Kyushei Gorobioye Tomonaga de Santa María,ヤコボ・デ・サンタ・マリア朝長五郎兵衛
https://en.wikipedia.org/wiki/Kat%C5%8D_Tomosabur%C5%8D,Katō Tomosaburō,加藤 友三郎
https://en.wikipedia.org/wiki/Inukai_Tsuyoshi,Inukai Tsuyoshi,犬養 毅
https://en.wikipedia.org/wiki/Kazunari_Ninomiya,Kazunari Ninomiya,二宮 和也
https://en.wikipedia.org/wiki/Shibata_Katsuie,Shibata Katsuie,柴田 勝家
https://en.wikipedia.org/wiki/Eiko_Koike,Eiko Koike,小池 栄子
https://en.wikipedia.org/wiki/Heisuke_Hironaka,Heisuke Hironaka,広中 平祐
https://en.wikipedia.org/wiki/Hidenori_Kusaka,Hidenori Kusaka,日下 秀憲
https://en.wikipedia.org/wiki/Tokugawa_Mochiharu,Tokugawa Mochinaga,徳川 茂徳
https://en.wikipedia.org/wiki/Okada_Iz%C5%8D,Okada Izō,岡田 以蔵
https://en.wikipedia.org/wiki/Mika_Nakashima,Mika Nakashima,中島 美嘉
https://en.wikipedia.org/wiki/Aiko_Kay%C5%8D,Aiko Kayō,嘉陽 愛子
https://en.wikipedia.org/wiki/Minamoto_no_Yoshitsune,Minamoto no Yoshitsune,源 義経
https://en.wikipedia.org/wiki/Akihiko_Tago,Akihiko Tago,多胡 昭彦
https://en.wikipedia.org/wiki/Kobayakawa_Hidekane,Mōri Hidekane,毛利秀包
https://en.wikipedia.org/wiki/Heiz%C5%8D_Takenaka,Heizō Takenaka,竹中 平蔵
https://en.wikipedia.org/wiki/Tachibana_D%C5%8Dsetsu,Tachibana Dōsetsu,立花 道雪
https://en.wikipedia.org/wiki/Saori_Minami,Saori Minami,南 沙織
https://en.wikipedia.org/wiki/Sanada_Nobuyuki,Sanada Nobuyuki,真田 信之
https://en.wikipedia.org/wiki/Arima_Kihei,Miyamoto Musashi,宮本 武蔵
https://en.wikipedia.org/wiki/Ikue_Sakakibara,Ikue Sakakibara,榊原 郁恵
https://en.wikipedia.org/wiki/Midori_Suzuki_(educator),Midori Suzuki,鈴木 みどり
https://en.wikipedia.org/wiki/Sait%C5%8D_Hajime,Saitō Hajime,斎藤 一
https://en.wikipedia.org/wiki/Yagy%C5%AB_Munenori,Yagyū Munenori,柳生 宗矩
https://en.wikipedia.org/wiki/Gackt,Gakuto Oshiro,大城 ガクト
https://en.wikipedia.org/wiki/Kanon_Wakeshima,Kanon Wakeshima,分島 花音
https://en.wikipedia.org/wiki/Shinran,Shinran,親鸞
https://en.wikipedia.org/wiki/Ry%C5%8Dko_Hirosue,Ryōko Hirosue,広末 涼子
https://en.wikipedia.org/wiki/Maeda_Toshinaga,Maeda Toshinaga,前田 利長
https://en.wikipedia.org/wiki/Toyotomi_Hideyori,Toyotomi Hideyori,豊臣 秀頼
https://en.wikipedia.org/wiki/Takeo_Fujisawa,Takeo Fujisawa,藤沢 武夫
https://en.wikipedia.org/wiki/Mariko_Shinoda,Mariko Shinoda,篠田 麻里子
https://en.wikipedia.org/wiki/Date_Masamune,Date Masamune,伊達 政宗
https://en.wikipedia.org/wiki/Shimazu_Yoshihisa,Shimazu Yoshihisa,島津義久
https://en.wikipedia.org/wiki/Sho_Sakurai,Sho Sakurai,櫻井 翔
https://en.wikipedia.org/wiki/Minamoto_no_Yoshinaka,Minamoto no Yoshinaka,源 義仲
https://en.wikipedia.org/wiki/Sakae_%C5%8Csugi,Ōsugi Sakae,大杉 栄
https://en.wikipedia.org/wiki/Senj%C5%ABr%C5%8D_Hayashi,Senjūrō Hayashi,林 銑十郎
https://en.wikipedia.org/wiki/Hikaru_Yaotome,Hikaru Yaotome,八乙女 光
https://en.wikipedia.org/wiki/Maeda_Toshitsune,Maeda Toshitsune,前田 利常
https://en.wikipedia.org/wiki/Emperor_Jinmu,Emperor Jimmu,神武天皇
https://en.wikipedia.org/wiki/Kojima_Toyoharu,Kojima Toyoharu,小島 豊春
https://en.wikipedia.org/wiki/Yoichi_Hatta,Yoichi Hatta,八田 與一
https://en.wikipedia.org/wiki/Takahashi_Korekiyo,Viscount Takahashi Korekiyo,高橋 是清
https://en.wikipedia.org/wiki/Tokugawa_Munetake,Tokugawa Munetake,徳川 宗武
https://en.wikipedia.org/wiki/Ii_Naomasa,Ii Naomasa,井伊 直政
https://en.wikipedia.org/wiki/Doi_Toshikatsu,Doi Toshikatsu,土井 利勝
https://en.wikipedia.org/wiki/Sayaka_Akimoto,Sayaka Akimoto,秋元 才加
https://en.wikipedia.org/wiki/Takaoka_Muneyasu,Takaoka Muneyasu,高岡宗泰
https://en.wikipedia.org/wiki/Saionji_Kinmochi,Prince Saionji Kinmochi,西園寺 公望
https://en.wikipedia.org/wiki/Yamada_Arinobu,Yamada Arinobu,山田 有信
https://en.wikipedia.org/wiki/Kumagai_Naozane,Kumagai no Jirō Naozane,熊谷 次郎 直実
https://en.wikipedia.org/wiki/Tokugawa_Iemitsu,Tokugawa Iemitsu,徳川 家光 August 12
https://en.wikipedia.org/wiki/H%C5%8Dj%C5%8D_Ujimasa,Hōjō Ujimasa,北条 氏政
https://en.wikipedia.org/wiki/Sakanoue_no_Tamuramaro,Sakanoue no Tamuramaro,坂上 田村麻呂
https://en.wikipedia.org/wiki/Kobayakawa_Hideaki,Kobayakawa Hideaki,小早川 秀秋
https://en.wikipedia.org/wiki/Nichiren,Nichiren,日蓮
https://en.wikipedia.org/wiki/Kenkichi_Iwasawa,Kenkichi Iwasawa,岩澤 健吉 Iwasawa Kenkichi
https://en.wikipedia.org/wiki/Kuniaki_Koiso,Kuniaki Koiso,小磯 國昭
https://en.wikipedia.org/wiki/Saigyo,Saigyō Hōshi,西行法師
https://en.wikipedia.org/wiki/Takako_Uehara,Takako Uehara,上原 多香子
https://en.wikipedia.org/wiki/Peter_Shirayanagi,Peter Seiichi Shirayanagi,白柳 誠一 Shirayanagi Seiichi
https://en.wikipedia.org/wiki/Nobuo_Yoneda,Nobuo Yoneda,米田 信夫
https://en.wikipedia.org/wiki/Sakuma_Morimasa,Sakuma Morimasa,佐久間 守正
https://en.wikipedia.org/wiki/Naoe_Kagetsuna,Naoe Kagetsuna,直江景綱
https://en.wikipedia.org/wiki/Mikio_Sato,Mikio Sato,佐藤 幹夫
https://en.wikipedia.org/wiki/Minami_Hinase,Minami Bages,バージュ美波
https://en.wikipedia.org/wiki/Ai_Otsuka,Ai Otsuka,大塚 愛
https://en.wikipedia.org/wiki/Paul_Yoshigoro_Taguchi,Paul Yoshigoro Taguchi,田口芳五郎
https://en.wikipedia.org/wiki/Hidetsugu_Yagi,Hidetsugu Yagi,八木 秀次
https://en.wikipedia.org/wiki/Kano_sisters,Kyoko Kano,叶 恭子
https://en.wikipedia.org/wiki/Miura_Yoshimoto,The Miura family,三浦氏
https://en.wikipedia.org/wiki/Baba_Nobufusa,Baba Nobuharu,馬場 信春
https://en.wikipedia.org/wiki/Haruna_Kojima,Haruna Kojima,小嶋 陽菜
https://en.wikipedia.org/wiki/Angela_Aki,Kiyomi Angela Aki,安藝 聖世美 アンジェラ
https://en.wikipedia.org/wiki/Mizuki_Nana,Nana Mizuki,水樹 奈々
https://en.wikipedia.org/wiki/Norio_Kaifu,Norio Kaifu,海部 宣男
